{
  "baseline": {
    "n": 3,
    "mean": -0.42104371658437567,
    "std": 0.0,
    "values": [
      -0.42104371658437567,
      -0.42104371658437567,
      -0.42104371658437567
    ]
  },
  "surrogate_backprop": {
    "n": 3,
    "mean": -0.615738945049503,
    "std": 0.15559037959875993,
    "values": [
      -0.7757364770275194,
      -0.6065141753048353,
      -0.46496618281615426
    ]
  },
  "ea_readout": {
    "n": 3,
    "mean": -0.05870851142022133,
    "std": 0.00671249788062135,
    "values": [
      -0.060832036436613515,
      -0.05119108404108332,
      -0.06410241378296716
    ]
  },
  "crn_development": {
    "n": 3,
    "mean": -0.3905623307226209,
    "std": 0.13752180077638512,
    "values": [
      -0.31886717176594326,
      -0.5491172809062776,
      -0.30370253949564197
    ]
  }
}