{
  "timestamp": "unknown",
  "num_trials": 3,
  "methods": {
    "baseline": {
      "mean": 21.767688642028038,
      "std": 4.022804406571104,
      "min": 16.530849581170067,
      "max": 26.31122386464178,
      "ci95_low": 11.773681950173474,
      "ci95_high": 31.7616953338826,
      "relative_improvement": 0,
      "trial_values": [
        22.460992480272274,
        16.530849581170067,
        26.31122386464178
      ]
    },
    "surrogate": {
      "mean": 19.730572073605448,
      "std": 6.877127350246011,
      "min": 10.465952807260129,
      "max": 26.925584045033553,
      "ci95_low": 2.6454618338864506,
      "ci95_high": 36.815682313324444,
      "relative_improvement": -9.35844223942739,
      "trial_values": [
        10.465952807260129,
        21.800179368522656,
        26.925584045033553
      ]
    },
    "direct_evolution": {
      "mean": 82.06900620873095,
      "std": 12.687094198247717,
      "min": 65.35082420428962,
      "max": 96.06904851747757,
      "ci95_low": 50.5499733394316,
      "ci95_high": 113.5880390780303,
      "relative_improvement": 277.02214304129626,
      "trial_values": [
        84.7871459044257,
        65.35082420428962,
        96.06904851747757
      ]
    },
    "grn_evolution": {
      "mean": 91.99372369852574,
      "std": 0.0,
      "min": 91.99372369852574,
      "max": 91.99372369852574,
      "ci95_low": 91.99372369852574,
      "ci95_high": 91.99372369852574,
      "relative_improvement": 322.6159479372034,
      "trial_values": [
        91.99372369852574,
        91.99372369852574,
        91.99372369852574
      ]
    }
  },
  "ranking": [
    "grn_evolution",
    "direct_evolution",
    "baseline",
    "surrogate"
  ]
}